{"val_recall": 0.8160173160173161, "recall": 0.7586206896551724}